Audio/Features,feature_chroma_stft,spectral_centroid,spectral_bandwidth,spectral_rolloff,chroma_cqt,chroma_cens,melspectrogram,spectral_contrast,poly_features,tonnetz,tempogram,fourier_tempogram,plp,tempo,rmse,zero_crossing_rate,spectral_flatness,energy,energy_entropy,mfcc1,mfcc2,mfcc3,mfcc4,mfcc5,mfcc6,mfcc7,mfcc8,mfcc9,mfcc10,mfcc11,mfcc12,mfcc13,mfcc14,mfcc15,mfcc16,mfcc17,mfcc18,mfcc19,mfcc20
blues.00000.wav,0.35008812,1784.1658495387549,2002.4490601176958,3805.8396058403423,0.5351307,0.2720362252714695,4.426115,20.526698693370026,1.7524218900391924,0.007161851670152686,0.1522905705891418,(0.69204557-0.0011861067j),0.27260533,123.046875,0.13022792,0.08304482066898686,0.0044983495,0.019793236145802168,3.3076777,-113.57065,121.57179,-19.168142,42.36642,-6.364664,18.623499,-13.704889,15.34315,-12.27411,10.976572,-8.326573,8.803792,-3.6723,5.747995,-5.162882,0.75273985,-1.6902146,-0.40897897,-2.3035226,1.2212901
blues.00001.wav,0.3409136,1530.1766787460795,2039.0365160924302,3550.5220984084976,0.47674853,0.26097993928604574,2.6540048,20.676128259217815,1.034874365946657,0.02915306697137532,0.11788044803101896,(0.7184304-0.0017120265j),0.26729834,107.666015625,0.09594781,0.05603980870552978,0.0022976724,0.011581921551730977,3.3066936,-207.5017,123.991264,8.955127,35.877647,2.9073195,21.510468,-8.560436,23.370686,-10.099661,11.9004965,-5.555639,5.376327,-2.2317603,4.22014,-6.0121484,0.9279974,-0.7311248,0.29507306,-0.2835181,0.53121585
